entry_date,exit_date,signal_type,entry_price,exit_price,result,pnl_pct,pnl_usd,capital,days
2017-02-08,2017-02-16,C_LongOro,821.8563846916367,842.5953668856137,WIN,3.95,19.75,519.75,8
2017-06-02,2017-06-09,C_LongOro,975.6030664290475,962.3858608364624,LOSS,-2.05,-10.65,509.1,7
2017-10-31,2017-11-07,C_LongOro,809.3058860273551,830.4403484551912,WIN,3.95,20.11,529.2,7
2017-12-21,2017-12-25,C_LongOro,851.1010020809601,832.5826020641352,LOSS,-2.05,-10.85,518.36,4
2018-01-22,2018-01-25,C_LongOro,798.0704363047399,832.9867657639303,WIN,3.95,20.48,538.83,3
2018-01-26,2018-01-29,C_LongOro,832.4172209319701,820.8607250563738,LOSS,-2.05,-11.05,527.78,3
2018-04-13,2018-04-30,C_LongOro,786.144546312939,772.5094467544002,LOSS,-2.05,-10.82,516.97,17
2018-06-18,2018-06-19,A_LongPlata_ShortOro,783.3962484732383,798.4703704716563,WIN,3.95,20.42,537.39,1
2018-07-04,2018-07-11,C_LongOro,848.047392874519,875.3898563744199,WIN,3.95,21.23,558.61,7
2018-07-12,2018-07-16,C_LongOro,872.5056618409479,855.3013683293078,LOSS,-2.05,-11.45,547.16,4
2018-07-26,2018-07-31,C_LongOro,863.7389731820737,882.534147755059,WIN,3.95,21.61,568.77,5
2018-08-01,2018-08-03,C_LongOro,866.8541064928166,856.5752288409643,LOSS,-2.05,-11.66,557.11,2
2018-09-03,2018-09-04,C_LongOro,904.649443778594,919.2123945090068,WIN,3.95,22.01,579.12,1
2018-09-18,2018-09-27,C_LongOro,889.4089975583129,908.2428610877988,WIN,3.95,22.88,601.99,9
2018-10-08,2018-10-15,C_LongOro,890.269522811817,881.0054243752993,LOSS,-2.05,-12.34,589.65,7
2018-10-22,2018-10-25,C_LongOro,902.8422757620882,922.9256642635904,WIN,3.95,23.29,612.95,3
2018-11-29,2018-11-30,A_LongPlata_ShortOro,916.3883047873624,926.8263646369668,WIN,3.95,24.21,637.16,1
2018-12-05,2018-12-06,A_LongPlata_ShortOro,922.6585765238924,933.0231658187796,WIN,3.95,25.17,662.32,1
2019-01-09,2019-01-24,C_LongOro,930.5511307577502,912.6457894596452,LOSS,-2.05,-13.58,648.75,15
2019-01-30,2019-02-14,C_LongOro,951.9334756197676,989.802125496445,WIN,3.95,25.63,674.37,15
2019-02-15,2019-02-25,C_LongOro,1001.8741349815808,1027.3649524635964,WIN,3.95,26.64,701.01,10
2019-02-28,2019-03-01,C_LongOro,1057.3953669683954,1047.1517657236311,LOSS,-2.05,-14.37,686.64,1
2019-03-19,2019-03-25,C_LongOro,1080.3045624115657,1127.0196325495522,WIN,3.95,27.12,713.76,6
2019-03-26,2019-04-03,C_LongOro,1138.7961818817794,1165.5620952377035,WIN,3.95,28.19,741.95,8
2019-04-10,2019-04-11,C_LongOro,1162.2119763305593,1146.9772503106165,LOSS,-2.05,-15.21,726.74,1
2019-04-12,2019-04-16,C_LongOro,1154.4890317790855,1139.6315066320958,LOSS,-2.05,-14.9,711.85,4
2019-04-29,2019-04-30,C_LongOro,1151.6421208839135,1141.0145238244963,LOSS,-2.05,-14.59,697.25,1
2019-05-03,2019-05-06,C_LongOro,1153.12836004589,1137.9213748427258,LOSS,-2.05,-14.29,682.96,3
2019-06-04,2019-06-05,C_LongOro,1133.6575433321548,1115.458400934688,LOSS,-2.05,-14.0,668.96,1
2019-09-09,2019-09-10,C_LongOro,1128.7351596002648,1097.3362454869286,LOSS,-2.05,-13.71,655.25,1
2019-09-11,2019-09-16,C_LongOro,1114.6520387719677,1074.4493643386077,LOSS,-2.05,-13.43,641.81,5
2019-09-19,2019-10-04,C_LongOro,1090.1042764630267,1087.9992317754443,LOSS,-0.243,-1.56,640.25,15
2019-11-04,2019-11-06,C_LongOro,1089.6921843811467,1069.6601217711134,LOSS,-2.05,-13.13,627.13,2
2019-11-14,2019-11-25,C_LongOro,1053.5956635845396,1093.803448599533,WIN,3.95,24.77,651.9,11
2019-11-26,2019-11-28,C_LongOro,1104.8395069884093,1088.89174714487,LOSS,-2.05,-13.36,638.54,2
2020-01-01,2020-01-06,C_LongOro,1008.7513494214004,1039.7389415050104,WIN,3.95,25.22,663.76,5
2020-01-10,2020-01-14,C_LongOro,1049.2696783665074,1033.9264219572342,LOSS,-2.05,-13.61,650.15,4
2020-01-21,2020-01-22,C_LongOro,1029.4519868271043,1014.2876167372358,LOSS,-2.05,-13.33,636.82,1
2020-02-19,2020-02-24,C_LongOro,998.6057920700777,1041.3405546746012,WIN,3.95,25.15,661.98,5
2020-03-19,2020-03-23,C_LongOro,1055.472342128677,1037.7439842722429,LOSS,-2.05,-13.57,648.41,4
2020-04-20,2020-05-05,C_LongOro,1032.7615605269905,1055.4797735308464,WIN,3.95,25.61,674.02,15
2021-07-02,2021-07-08,C_LongOro,1133.5257465390675,1157.7693020630586,WIN,3.95,26.62,700.64,6
2021-08-24,2021-08-25,C_LongOro,1199.481965674587,1176.232561384012,LOSS,-2.05,-14.36,686.28,1
2021-08-26,2021-09-02,C_LongOro,1202.6560686419468,1237.5336677082848,WIN,3.95,27.11,713.39,7
2021-09-03,2021-09-07,C_LongOro,1235.2983187572097,1219.0751672214074,LOSS,-2.05,-14.62,698.76,4
2023-02-28,2023-03-06,C_LongOro,1182.0138300944636,1211.2196365817024,WIN,3.95,27.6,726.36,6
2023-04-10,2023-04-25,C_LongOro,1221.5931284387177,1212.5029066178574,LOSS,-0.794,-5.77,720.6,15
2023-06-21,2023-06-22,A_LongPlata_ShortOro,1127.635665845631,1118.8453784290148,LOSS,-2.05,-14.77,705.82,1
2023-06-27,2023-06-29,A_LongPlata_ShortOro,1098.2767253009658,1119.4640296656044,WIN,3.95,27.88,733.7,2
2023-06-30,2023-07-06,A_LongPlata_ShortOro,1102.1442655596657,1085.1290066683605,LOSS,-2.05,-15.04,718.66,6
2023-07-11,2023-07-14,A_LongPlata_ShortOro,1092.0359621407813,1077.2443022605885,LOSS,-2.05,-14.73,703.93,3
2023-07-19,2023-07-21,A_LongPlata_ShortOro,1078.0231350665906,1108.6207138152326,WIN,3.95,27.81,731.73,2
2023-07-24,2023-07-26,A_LongPlata_ShortOro,1105.814180463873,1078.9430199778244,LOSS,-2.05,-15.0,716.73,2
2023-07-31,2023-08-04,A_LongPlata_ShortOro,1106.710124372067,1129.3758098673643,WIN,3.95,28.31,745.05,4
2023-08-07,2023-08-08,A_LongPlata_ShortOro,1144.1647514512722,1157.1330745614669,WIN,3.95,29.43,774.47,1
2023-08-09,2023-08-11,A_LongPlata_ShortOro,1173.2791761984774,1195.3548199312554,WIN,3.95,30.59,805.07,2
2023-09-18,2023-09-20,C_LongOro,1237.3737884884197,1201.621819573128,LOSS,-2.05,-16.5,788.56,2
2023-10-19,2023-10-23,C_LongOro,1300.95065309805,1335.9180170961429,WIN,3.95,31.15,819.71,4
2023-10-27,2023-11-01,C_LongOro,1337.9056628659666,1373.3864191226664,WIN,3.95,32.38,852.09,5
2023-11-16,2023-11-24,C_LongOro,1381.2239729269488,1412.527232411904,WIN,3.95,33.66,885.75,8
2023-12-07,2023-12-13,C_LongOro,1476.8066278688784,1451.389585733017,LOSS,-2.05,-18.16,867.59,6
2024-02-14,2024-02-29,C_LongOro,1401.2825564350314,1411.9797491782138,WIN,0.713,6.19,873.78,15
2024-03-01,2024-03-06,C_LongOro,1432.011331232496,1417.8015645502153,LOSS,-2.05,-17.91,855.87,5
2024-03-22,2024-03-25,C_LongOro,1400.643994957887,1384.9422616056197,LOSS,-2.05,-17.55,838.32,3
2024-04-15,2024-04-18,A_LongPlata_ShortOro,1321.5257005656883,1311.181319495118,LOSS,-2.05,-17.19,821.13,3
2024-05-15,2024-05-17,A_LongPlata_ShortOro,1288.407133224569,1274.7929602549468,LOSS,-2.05,-16.83,804.3,2
2024-05-30,2024-05-31,C_LongOro,1286.684696562344,1269.5256062003436,LOSS,-2.05,-16.49,787.81,1
2024-06-06,2024-06-07,C_LongOro,1347.1730250355808,1328.190204585743,LOSS,-2.05,-16.15,771.66,1
2024-06-10,2024-06-14,C_LongOro,1336.345124058858,1384.690221657747,WIN,3.95,30.48,802.14,4
2024-06-18,2024-06-20,C_LongOro,1405.2702725415104,1386.1508183432509,LOSS,-2.05,-16.44,785.7,2
2024-07-10,2024-07-19,C_LongOro,1347.2732670778328,1333.9051727569422,LOSS,-2.05,-16.11,769.59,9
2025-02-17,2025-02-19,A_LongPlata_ShortOro,1216.9569543562843,1195.5615427356206,LOSS,-2.05,-15.78,753.82,2
2025-02-20,2025-02-24,A_LongPlata_ShortOro,1207.4181161696913,1244.0862712456308,WIN,3.95,29.78,783.59,4
2025-02-25,2025-02-28,A_LongPlata_ShortOro,1244.0313765293768,1268.1520893224774,WIN,3.95,30.95,814.54,3
2025-03-28,2025-04-03,C_LongOro,1229.43504739077,1262.8667090631366,WIN,3.95,32.17,846.72,6
2025-04-07,2025-04-10,C_LongOro,1262.1395147433848,1290.3959035855266,WIN,3.95,33.45,880.16,3
2025-05-05,2025-05-15,C_LongOro,1269.2387686909924,1332.967657244167,WIN,3.95,34.77,914.93,10
2025-08-21,2025-08-26,A_LongPlata_ShortOro,1355.378717610483,1385.3822660859926,WIN,3.95,36.14,951.07,5
2025-09-05,2025-09-08,A_LongPlata_ShortOro,1337.1414538634324,1317.6298167963623,LOSS,-2.05,-19.5,931.57,3
2025-09-09,2025-09-11,A_LongPlata_ShortOro,1303.0638408176492,1286.3624164187704,LOSS,-2.05,-19.1,912.48,2
2025-09-17,2025-09-19,A_LongPlata_ShortOro,1314.3796987201945,1299.0688357996896,LOSS,-2.05,-18.71,893.77,2
2025-09-24,2025-09-25,A_LongPlata_ShortOro,1303.8277433201536,1282.8398337662352,LOSS,-2.05,-18.32,875.45,1
2025-10-22,2025-11-04,A_LongPlata_ShortOro,1231.7980925655024,1250.673298173601,WIN,3.95,34.58,910.03,13
2025-11-06,2025-11-07,A_LongPlata_ShortOro,1249.6005936861322,1241.5830809956185,LOSS,-2.05,-18.66,891.37,1
2025-11-13,2025-11-17,A_LongPlata_ShortOro,1261.163057965769,1253.148370277434,LOSS,-2.05,-18.27,873.1,4
2025-12-22,2025-12-24,A_LongPlata_ShortOro,1217.3340444456594,1233.3049202899074,WIN,3.95,34.49,907.59,2
2025-12-25,2025-12-29,A_LongPlata_ShortOro,1250.170462956347,1237.8211466158318,LOSS,-2.05,-18.61,888.98,4
2026-01-15,2026-01-16,A_LongPlata_ShortOro,1234.9157335336763,1206.080768045087,LOSS,-2.05,-18.22,870.76,1
2026-01-28,2026-01-30,A_LongPlata_ShortOro,1211.6250854413329,1232.2748671461177,WIN,3.95,34.39,905.15,2
2026-02-02,2026-02-03,A_LongPlata_ShortOro,1244.381601085668,1226.8640557572508,LOSS,-2.05,-18.56,886.6,1
2026-02-19,2026-02-20,A_LongPlata_ShortOro,1208.0132460348675,1225.0268894906308,WIN,3.95,35.02,921.62,1
